,chiSquared,AIC
full5BiasModel,2571.239095506315,36507.92906233075
