,chiSquared,AIC
full5BiasModel,2701.0118693626505,37294.52391429784
